{
    "total_runtime": 99.43481183052063,
    "num_documents": 20,
    "input_load_time": 0,
    "workflows": {
        "create_base_text_units": {
            "overall": 0.14305806159973145,
            "0_orderby": 0.0046651363372802734,
            "1_zip": 0.002035856246948242,
            "2_aggregate_override": 0.003077983856201172,
            "3_chunk": 0.10969924926757812,
            "4_select": 0.0022101402282714844,
            "5_unroll": 0.0041887760162353516,
            "6_rename": 0.0016798973083496094,
            "7_genid": 0.0023369789123535156,
            "8_unzip": 0.002353191375732422,
            "9_copy": 0.0017991065979003906,
            "10_filter": 0.007892131805419922
        },
        "create_base_extracted_entities": {
            "overall": 3.203974962234497,
            "0_entity_extract": 3.1835689544677734,
            "1_merge_graphs": 0.01532292366027832,
            "2_snapshot_rows": 0.0029587745666503906
        },
        "create_summarized_entities": {
            "overall": 8.982648849487305,
            "0_summarize_descriptions": 8.976483821868896,
            "1_snapshot_rows": 0.003676891326904297
        },
        "create_base_entity_graph": {
            "overall": 0.0649421215057373,
            "0_cluster_graph": 0.04932594299316406,
            "1_snapshot_rows": 0.004560232162475586,
            "2_snapshot_rows": 0.004293918609619141,
            "3_select": 0.0038309097290039062
        },
        "create_final_entities": {
            "overall": 0.3252270221710205,
            "0_unpack_graph": 0.01976299285888672,
            "1_rename": 0.003826141357421875,
            "2_select": 0.003922939300537109,
            "3_dedupe": 0.005879878997802734,
            "4_rename": 0.004519939422607422,
            "5_filter": 0.009725093841552734,
            "6_text_split": 0.005641937255859375,
            "7_drop": 0.00544285774230957,
            "8_merge": 0.01531982421875,
            "9_text_embed": 0.23003411293029785,
            "10_drop": 0.005315065383911133,
            "11_filter": 0.011880159378051758
        },
        "create_final_nodes": {
            "overall": 0.1816542148590088,
            "0_layout_graph": 0.0631561279296875,
            "1_unpack_graph": 0.022143125534057617,
            "2_unpack_graph": 0.02277088165283203,
            "3_filter": 0.014636039733886719,
            "4_drop": 0.005581855773925781,
            "5_select": 0.005304098129272461,
            "6_rename": 0.005363941192626953,
            "7_convert": 0.02124309539794922,
            "8_join": 0.010239839553833008,
            "9_rename": 0.006118059158325195
        },
        "create_final_communities": {
            "overall": 0.19127488136291504,
            "0_unpack_graph": 0.02157902717590332,
            "1_unpack_graph": 0.023243188858032227,
            "2_aggregate_override": 0.010197877883911133,
            "3_join": 0.010185956954956055,
            "4_join": 0.010064840316772461,
            "5_concat": 0.007255077362060547,
            "6_filter": 0.03500008583068848,
            "7_aggregate_override": 0.009113073348999023,
            "8_join": 0.008942127227783203,
            "9_filter": 0.01667928695678711,
            "10_fill": 0.007348060607910156,
            "11_merge": 0.010155916213989258,
            "12_copy": 0.007590770721435547,
            "13_select": 0.007838010787963867
        },
        "join_text_units_to_entity_ids": {
            "overall": 0.03422904014587402,
            "0_select": 0.007570028305053711,
            "1_unroll": 0.008700132369995117,
            "2_aggregate_override": 0.010118961334228516
        },
        "create_final_relationships": {
            "overall": 0.1369171142578125,
            "0_unpack_graph": 0.022825956344604492,
            "1_filter": 0.020527124404907227,
            "2_rename": 0.008421897888183594,
            "3_filter": 0.020511388778686523,
            "4_drop": 0.009306907653808594,
            "5_compute_edge_combined_degree": 0.017761707305908203,
            "6_convert": 0.020006179809570312,
            "7_convert": 0.00961613655090332
        },
        "join_text_units_to_relationship_ids": {
            "overall": 0.04826807975769043,
            "0_select": 0.00916290283203125,
            "1_unroll": 0.009950399398803711,
            "2_aggregate_override": 0.010667085647583008,
            "3_select": 0.009690999984741211
        },
        "create_final_community_reports": {
            "overall": 84.20921397209167,
            "0_prepare_community_reports_nodes": 0.012293815612792969,
            "1_prepare_community_reports_edges": 0.011330127716064453,
            "2_restore_community_hierarchy": 0.012173891067504883,
            "3_prepare_community_reports": 0.06673693656921387,
            "4_create_community_reports": 84.08650493621826,
            "5_window": 0.010692119598388672
        },
        "create_final_text_units": {
            "overall": 0.08037495613098145,
            "0_select": 0.010256767272949219,
            "1_rename": 0.010206937789916992,
            "2_join": 0.013340950012207031,
            "3_join": 0.013087987899780273,
            "4_aggregate_override": 0.012169361114501953,
            "5_select": 0.01118922233581543
        },
        "create_base_documents": {
            "overall": 0.14510583877563477,
            "0_unroll": 0.01150202751159668,
            "1_select": 0.011259317398071289,
            "2_rename": 0.011361122131347656,
            "3_join": 0.01325678825378418,
            "4_aggregate_override": 0.012822151184082031,
            "5_join": 0.014417886734008789,
            "6_rename": 0.018304109573364258,
            "7_convert": 0.04136490821838379
        },
        "create_final_documents": {
            "overall": 0.02361130714416504,
            "0_rename": 0.011792182922363281
        }
    }
}